model_name,accuracy,precision,recall,f1_score
Random forest,0.8852459016393442,0.8387096774193549,0.9285714285714286,0.8813559322033898
Logistic regression,0.8688524590163934,0.8125,0.9285714285714286,0.8666666666666667
Decision tree,0.7540983606557377,0.696969696969697,0.8214285714285714,0.7540983606557377
